Wall time,Step,Value
1591874729.0508833,0,29.0
1591874766.3408241,10,166.6666717529297
1591874803.9979773,20,200.0
1591874837.8705106,30,200.0
1591874874.203359,40,200.0
1591874912.6223056,50,200.0
1591874946.6487732,60,200.0
1591874977.956946,70,200.0
1591875009.835988,80,200.0
1591875042.0328083,90,200.0
