Wall time,Step,Value
1591874393.5630903,0,30.733333587646484
1591874398.5323238,10,180.6666717529297
1591874404.6224597,20,103.5
1591874410.2856152,30,169.0
1591874415.7270133,40,199.6666717529297
1591874422.5946238,50,200.0
1591874428.0997875,60,200.0
1591874435.551658,70,200.0
1591874441.1572664,80,200.0
1591874447.1086736,90,200.0
