Wall time,Step,Value
1591874588.66358,0,20.950000762939453
1591874593.3226988,10,185.6666717529297
1591874600.875368,20,195.6666717529297
1591874606.8836048,30,123.25
1591874612.4818902,40,200.0
1591874618.2193274,50,200.0
1591874623.4545174,60,200.0
1591874629.403996,70,200.0
1591874634.595673,80,200.0
1591874640.006206,90,200.0
