Wall time,Step,Value
1591873628.0048,0,23.11111068725586
1591873630.9705498,10,9.418604850769043
1591873633.868243,20,9.348836898803711
1591873636.93502,30,9.066666603088379
1591873640.478582,40,9.372093200683594
1591873643.676377,50,9.372093200683594
1591873647.6227107,60,9.44186019897461
1591873651.2858257,70,9.325581550598145
1591873654.925718,80,9.39534854888916
1591873658.5586345,90,9.488371849060059
