Wall time,Step,Value
1592337394.044389,0,-497.52294921875
1592338163.777624,6,-252.14361572265625
1592338934.1531253,12,-289.5426025390625
