Wall time,Step,Value
1592323562.7668612,0,-413.0279235839844
1592325002.2834127,6,-353.24249267578125
1592326289.6083088,12,-321.1152648925781
