Wall time,Step,Value
1592321332.9057698,0,-334.9691162109375
1592322123.7709713,6,-254.19061279296875
1592322921.0426583,12,-289.47442626953125
