Wall time,Step,Value
1592332014.1331482,0,-448.6175231933594
1592332502.8843944,6,-254.3514404296875
1592332985.3240907,12,-253.95449829101562
