Wall time,Step,Value
1592328303.8033178,0,-448.6175231933594
1592328796.1946015,6,-254.3514404296875
1592329275.497022,12,-253.95449829101562
