Wall time,Step,Value
1592326924.7998385,0,-364.3578796386719
1592327244.3935187,6,-268.7720947265625
1592327564.397663,12,-302.87152099609375
