Wall time,Step,Value
1592319581.4336922,0,-362.05096435546875
1592319891.7867923,6,-271.889404296875
1592320183.431279,12,-239.20172119140625
