Wall time,Step,Value
1592329864.6282578,0,-400.94769287109375
1592330071.6785796,6,-277.22991943359375
1592330267.1899831,12,-270.011962890625
